Product name,Price,Picture
 Carnilove Adult Duck &amp; Pheasant pienso perros sin cereales Pato y Faisán- 1.5 Kg.,8.35 €,https://www.petsonic.com/12482-large_default/pienso-para-perros-carnilove-adulto-pato-guisantes.jpg
 Carnilove Adult Duck &amp; Pheasant pienso perros sin cereales Pato y Faisán- 12 Kg,56.12 €,https://www.petsonic.com/12482-large_default/pienso-para-perros-carnilove-adulto-pato-guisantes.jpg
 Carnilove Adult Large Duck &amp; Turkey Muscle-Bones-Joints pienso gato pato &amp; pavo- 400 Gr.,3.78 €,https://www.petsonic.com/13737-large_default/pienso-para-gatos-carnilove-adult-large-duck-turkey-muscle-bones-joints.jpg
 Carnilove Adult Large Duck &amp; Turkey Muscle-Bones-Joints pienso gato pato &amp; pavo- 2 Kg.,12.27 €,https://www.petsonic.com/13737-large_default/pienso-para-gatos-carnilove-adult-large-duck-turkey-muscle-bones-joints.jpg
 Carnilove Adult Large Duck &amp; Turkey Muscle-Bones-Joints pienso gato pato &amp; pavo- 6 Kg,32.53 €,https://www.petsonic.com/13737-large_default/pienso-para-gatos-carnilove-adult-large-duck-turkey-muscle-bones-joints.jpg
 Carnilove Snack Crunchy Caballa con Frambuesas premio crujiente para perro Mackerel &amp; Raspberries 200grs- 6 Unidades.,13.66 €,https://www.petsonic.com/19065-large_default/snack-crunchy-caballa-frambuesas.jpg
 Carnilove Adult Chicken &amp; Rabbit grain free pienso para perros pollo y conejo- 1.5 Kg.,9.63 €,https://www.petsonic.com/19058-large_default/pienso-para-perros-carnilove-adult-pollo-y-conejo.jpg
 Carnilove Adult Chicken &amp; Rabbit grain free pienso para perros pollo y conejo- 12 Kg,59.24 €,https://www.petsonic.com/19058-large_default/pienso-para-perros-carnilove-adult-pollo-y-conejo.jpg
 Carnilove Adult Reindeer grain free pienso perro con reno sin cereales- 1.5 Kg.,10.13 €,https://www.petsonic.com/12481-large_default/pienso-para-perros-carnilove-adult-reindeer.jpg
 Carnilove Adult Reindeer grain free pienso perro con reno sin cereales- 12 Kg,59.24 €,https://www.petsonic.com/12481-large_default/pienso-para-perros-carnilove-adult-reindeer.jpg
 Carnilove Puppy Large Salmon &amp; Turkey pienso cachorros Salmon y Pavo- 12 Kg,56.12 €,https://www.petsonic.com/12476-large_default/pienso-para-perros-carnilove-puppy-large-salmon-pavo.jpg
 Carnilove Snack Crunchy Avestruz y Moras premio crujiente para perro Ostrich &amp; Blackberries 200grs- 6 Unidades.,13.66 €,https://www.petsonic.com/19062-large_default/snack-crunchy-avestruz-moras.jpg
 Carnilove Pavo y Salmón latas de comida humeda para perro Salmon &amp; Turkey- Caja 12 unidades de 100gr,15.59 €,https://www.petsonic.com/18099-large_default/nourriture-en-boite-pour-chat-carnilove-dinde-saumon-boite.jpg
 Carnilove Adulto Venado y Reno latas de comida humeda para perro Venison &amp; Reindeer- 6 Unidades de 400 gr,15.59 €,https://www.petsonic.com/12485-large_default/comida-lata-para-perros-carnilove-adulto-venado-reno-humedo.jpg
 Carnilove Adult Lamb &amp; Roar pienso perros sin cereales Cordero y Jabalí- 1.5 Kg.,8.96 €,https://www.petsonic.com/12480-large_default/pienso-para-perros-carnilove-adulto-cordero-jabali.jpg
 Carnilove Adult Lamb &amp; Roar pienso perros sin cereales Cordero y Jabalí- 12 Kg,56.12 €,https://www.petsonic.com/12480-large_default/pienso-para-perros-carnilove-adulto-cordero-jabali.jpg
 Carnilove Adulto Pato y Faisan latas de comida humeda para perro Duck &amp; Pheasant- 6 Unidades de 400 gr,15.59 €,https://www.petsonic.com/12487-large_default/comida-lata-para-perros-carnilove-adulto-pato-guisantes-humedo.jpg
 Carnilove Snack Crunchy Cordero y Arándanos premio crujiente para perro Lamb &amp; Cranberries 200grs- 6 Unidades.,13.66 €,https://www.petsonic.com/19061-large_default/snack-crunchy-cordero-arandanos.jpg
 Carnilove Adult Ostrich &amp; Lamb pienso perros sin cereales Avestruz y cordero- 1.5 Kg.,10.10 €,https://www.petsonic.com/19059-large_default/pienso-para-perros-carnilove-adult-small-avestruz-y-cordero.jpg
 Carnilove Adult Ostrich &amp; Lamb pienso perros sin cereales Avestruz y cordero- 6 Kg,34.96 €,https://www.petsonic.com/19059-large_default/pienso-para-perros-carnilove-adult-small-avestruz-y-cordero.jpg
 Carnilove Kitten Salmón y Pavo latas de comida humeda para gatitos Salmon &amp; Turkey- 12 latas,15.90 €,https://www.petsonic.com/18098-large_default/comida-lata-para-gatos-carnilove-kitten-salmon-pavo-humedo.jpg
 Carnilove Adult Salmón y Pavo latas de comida humeda para perro Salmon &amp; Turkey- 6 Unidades de 400 gr,17.00 €,https://www.petsonic.com/20637-large_default/comida-lata-para-perros-carnilove-adult-salmon-pavo-humedo.jpg
 Carnilove Adult Carp &amp; Trout pienso perros sin cereales carpa y trucha- 1.5 Kg.,10.10 €,https://www.petsonic.com/19060-large_default/pienso-para-perros-carnilove-adulto-carpa-y-trucha.jpg
 Carnilove Adult Carp &amp; Trout pienso perros sin cereales carpa y trucha- 12 Kg,59.24 €,https://www.petsonic.com/19060-large_default/pienso-para-perros-carnilove-adulto-carpa-y-trucha.jpg
 Carnilove Adult Reindeer Energy &amp; Outdoor pienso gato con reno sin cereales- 400 Gr.,3.91 €,https://www.petsonic.com/13739-large_default/pienso-para-gatos-carnilove-adult-reindeer-energy-outdoor.jpg
 Carnilove Adult Reindeer Energy &amp; Outdoor pienso gato con reno sin cereales- 2 Kg.,12.78 €,https://www.petsonic.com/13739-large_default/pienso-para-gatos-carnilove-adult-reindeer-energy-outdoor.jpg
 Carnilove Adult Reindeer Energy &amp; Outdoor pienso gato con reno sin cereales- 6 Kg,32.71 €,https://www.petsonic.com/13739-large_default/pienso-para-gatos-carnilove-adult-reindeer-energy-outdoor.jpg
 Carnilove Puppy Salmon &amp; Turkey pienso cachorros Salmon y Pavo- 1.5 Kg.,9.55 €,https://www.petsonic.com/12475-large_default/pienso-para-perros-carnilove-puppy-salmon-pavo.jpg
 Carnilove Puppy Salmon &amp; Turkey pienso cachorros Salmon y Pavo- 12 Kg,59.24 €,https://www.petsonic.com/12475-large_default/pienso-para-perros-carnilove-puppy-salmon-pavo.jpg
 Carnilove Adult Sterilised Lamb &amp; Wild Boar pienso gatos esterilizados Cordero y Jabali- 400 Gr.,3.88 €,https://www.petsonic.com/13738-large_default/pienso-para-gatos-carnilove-adult-sterilised-lamb-wild-board.jpg
 Carnilove Adult Sterilised Lamb &amp; Wild Boar pienso gatos esterilizados Cordero y Jabali- 2 Kg.,12.62 €,https://www.petsonic.com/13738-large_default/pienso-para-gatos-carnilove-adult-sterilised-lamb-wild-board.jpg
 Carnilove Adult Sterilised Lamb &amp; Wild Boar pienso gatos esterilizados Cordero y Jabali- 6 Kg,33.43 €,https://www.petsonic.com/13738-large_default/pienso-para-gatos-carnilove-adult-sterilised-lamb-wild-board.jpg
 Carnilove Adult Salmon Sensitive &amp; Long Hair gatos con alergia o pelo largo sin cereal- 400 Gr.,3.91 €,https://www.petsonic.com/13735-large_default/pienso-para-gatos-carnilove-adult-salmon-sensitive-long-hair.jpg
 Carnilove Adult Salmon Sensitive &amp; Long Hair gatos con alergia o pelo largo sin cereal- 2 Kg.,12.78 €,https://www.petsonic.com/13735-large_default/pienso-para-gatos-carnilove-adult-salmon-sensitive-long-hair.jpg
 Carnilove Adult Salmon Sensitive &amp; Long Hair gatos con alergia o pelo largo sin cereal- 6 Kg,32.71 €,https://www.petsonic.com/13735-large_default/pienso-para-gatos-carnilove-adult-salmon-sensitive-long-hair.jpg
 Carnilove Adult Chicken &amp; Rabbit grain free pienso para gato pollo y conejo- 2 Kg.,13.13 €,https://www.petsonic.com/19071-large_default/pienso-para-gatos-carnilove-adult-pollo-y-conejo.jpg
 Carnilove Adult Chicken &amp; Rabbit grain free pienso para gato pollo y conejo- 6 Kg,36.18 €,https://www.petsonic.com/19071-large_default/pienso-para-gatos-carnilove-adult-pollo-y-conejo.jpg
 Carnilove Pavo y Reno latas de comida humeda para gato Turkey &amp; Reindeer- 12 x 100 Gr.,15.90 €,https://www.petsonic.com/18102-large_default/comida-lata-para-gatos-carnilove-pavo-reno-humedo.jpg
 Carnilove Adult Duck &amp; Pheasant Hairball Control pienso gato pato &amp; faisan- 400 Gr.,3.78 €,https://www.petsonic.com/13736-large_default/pienso-para-gatos-carnilove-adult-duck-pheasant-hairball-control.jpg
 Carnilove Adult Duck &amp; Pheasant Hairball Control pienso gato pato &amp; faisan- 2 Kg.,12.27 €,https://www.petsonic.com/13736-large_default/pienso-para-gatos-carnilove-adult-duck-pheasant-hairball-control.jpg
 Carnilove Adult Duck &amp; Pheasant Hairball Control pienso gato pato &amp; faisan- 6 Kg,32.53 €,https://www.petsonic.com/13736-large_default/pienso-para-gatos-carnilove-adult-duck-pheasant-hairball-control.jpg
 Carnilove Cat &amp; Kitten Salmon &amp; Turkey pienso gatos y gatitos Salmon y Pavo- 400 Gr.,3.76 €,https://www.petsonic.com/13734-large_default/pienso-para-gatos-carnilove-cat-kitten-salmon-turquey.jpg
 Carnilove Cat &amp; Kitten Salmon &amp; Turkey pienso gatos y gatitos Salmon y Pavo- 2 Kg.,12.26 €,https://www.petsonic.com/13734-large_default/pienso-para-gatos-carnilove-cat-kitten-salmon-turquey.jpg
 Carnilove Cat &amp; Kitten Salmon &amp; Turkey pienso gatos y gatitos Salmon y Pavo- 6 Kg,32.52 €,https://www.petsonic.com/13734-large_default/pienso-para-gatos-carnilove-cat-kitten-salmon-turquey.jpg
 Carnilove Adult Large Salmón y Pavo- 1.5 Kg.,8.64 €,https://www.petsonic.com/12478-large_default/pienso-para-perros-carnilove-adult-large-salmon-pavo.jpg
 Carnilove Adult Large Salmón y Pavo- 12 Kg,59.24 €,https://www.petsonic.com/12478-large_default/pienso-para-perros-carnilove-adult-large-salmon-pavo.jpg
 Carnilove Adult Salmón pienso sin cereales para perros adultos- 1.5 Kg.,9.22 €,https://www.petsonic.com/12477-large_default/pienso-para-perros-carnilove-adult-salmon.jpg
 Carnilove Adult Salmón pienso sin cereales para perros adultos- 12 Kg,59.24 €,https://www.petsonic.com/12477-large_default/pienso-para-perros-carnilove-adult-salmon.jpg
 Carnilove Adult Carp &amp; Trout Sterilized pienso gatos esterilizados sin cereales carpa y trucha- 2 Kg.,13.13 €,https://www.petsonic.com/19072-large_default/pienso-para-gatos-carnilove-adulto-carpa-y-trucha-sterilizado.jpg
 Carnilove Adult Carp &amp; Trout Sterilized pienso gatos esterilizados sin cereales carpa y trucha- 6 Kg,36.18 €,https://www.petsonic.com/19072-large_default/pienso-para-gatos-carnilove-adulto-carpa-y-trucha-sterilizado.jpg
